reference,subtype,donor,study,score
all,HRGC10,BCM_22_0183,Chen_ancestry,-1.045565019707385
all,HRGC10,BCM_22_0434,Chen_ancestry,-1.0007101036360875
all,HRGC10,Chen_19_D011,Chen_rgc,-1.2233361438426398
all,HRGC10,Chen_19_D014,Chen_b_GSE226108,-0.5585723936509389
all,HRGC10,Chen_19_D016,Chen_rgc,-1.6750593226001933
all,HRGC10,MMD_22_21878,Chen_ancestry,-0.9355070583602891
all,HRGC10,MMD_22_32888,Chen_ancestry,-0.612864535349837
all,HRGC10,MMD_22_38453,Chen_ancestry,-1.102007185908747
all,HRGC11,BCM_22_0200,Chen_ancestry,-0.6289473208731993
all,HRGC11,BCM_22_0389,Chen_ancestry,-0.1905496798634602
all,HRGC11,BCM_22_0434,Chen_ancestry,-0.47132308651177723
all,HRGC11,BCM_22_0784,Chen_ancestry,-0.2612622899247632
all,HRGC11,MMD_22_16477,Chen_ancestry,0.3472080722583182
all,HRGC11,MMD_22_17017,Chen_ancestry,0.1498162381811847
all,HRGC11,MMD_22_17464,Chen_ancestry,-0.6898752256580365
all,HRGC11,MMD_22_20357,Chen_ancestry,-0.24140694485332687
all,HRGC11,MMD_22_32888,Chen_ancestry,-0.3225613476707653
all,HRGC11,MMD_22_33472,Chen_ancestry,-0.030599098269463915
all,HRGC12,BCM_22_0183,Chen_ancestry,-0.4464286413619279
all,HRGC12,BCM_22_0434,Chen_ancestry,-0.017503598784790762
all,HRGC12,BCM_22_0784,Chen_ancestry,-0.4990896417079765
all,HRGC12,Chen_19_D011,Chen_rgc,-0.7290238926530597
all,HRGC12,Hu0220,Shekhar_GSE237204,-0.5270146276853367
all,HRGC12,MMD_22_20357,Chen_ancestry,-0.5704631011344381
all,HRGC12,MMD_22_20372,Chen_ancestry,-0.00342095666491292
all,HRGC12,MMD_22_37117,Chen_ancestry,0.26380238774244
all,HRGC7,19-D008,Chen_rgc,0.3857372879778471
all,HRGC7,19-D009,Chen_rgc,-0.16119698654539782
all,HRGC7,BCM_22_0183,Chen_ancestry,-0.5420323058099746
all,HRGC7,BCM_22_0200,Chen_ancestry,-0.46666369937410107
all,HRGC7,BCM_22_0434,Chen_ancestry,-0.20340549838061756
all,HRGC7,BCM_22_0784,Chen_ancestry,-0.17767883761783457
all,HRGC7,BCM_23_0334,Chen_ancestry,-0.3311466232379382
all,HRGC7,BCM_23_0358,Chen_ancestry,0.10119754612601978
all,HRGC7,Chen_19_D007,Chen_rgc,-0.597793301538831
all,HRGC7,Chen_19_D011,Chen_rgc,-0.21598180723065705
all,HRGC7,Chen_19_D015,Chen_b_GSE226108,-0.3395415341348332
all,HRGC7,Chen_D013_13,Chen_c_GSE247157,-0.38743155155300935
all,HRGC7,Chen_D021_13,Chen_c_GSE247157,-0.46724728079840766
all,HRGC7,Hu0218,Shekhar_GSE237204,-0.2605864730154395
all,HRGC7,Hu0220,Shekhar_GSE237204,-0.15226941828642687
all,HRGC7,Hu0355,Shekhar_GSE237204,-0.12200327700738142
all,HRGC7,Hu0564,Shekhar_GSE237204,-0.31076067938822205
all,HRGC7,Hu0887,Shekhar_GSE237204,-0.08802562724050775
all,HRGC7,Hu1059,Shekhar_GSE237204,-0.2538045800503665
all,HRGC7,MMD_22_02443,Chen_ancestry,-0.46087242493366826
all,HRGC7,MMD_22_14307,Chen_ancestry,-0.36245118831479717
all,HRGC7,MMD_22_16477,Chen_ancestry,-0.05230636243002201
all,HRGC7,MMD_22_16860,Chen_ancestry,-0.44641514679707117
all,HRGC7,MMD_22_17017,Chen_ancestry,-0.5296369478584748
all,HRGC7,MMD_22_17464,Chen_ancestry,-0.41304379248152007
all,HRGC7,MMD_22_17939,Chen_ancestry,-0.470257341271771
all,HRGC7,MMD_22_18633,Chen_ancestry,-0.6245049589177631
all,HRGC7,MMD_22_20137,Chen_ancestry,-0.60342781857544
all,HRGC7,MMD_22_20357,Chen_ancestry,-0.4845535537216345
all,HRGC7,MMD_22_20372,Chen_ancestry,-0.47825961441968745
all,HRGC7,MMD_22_21878,Chen_ancestry,-0.3963290545485536
all,HRGC7,MMD_22_32888,Chen_ancestry,-0.4190536685539228
all,HRGC7,MMD_22_33472,Chen_ancestry,-0.44400865371703613
all,HRGC7,MMD_22_37089,Chen_ancestry,-0.21100657130585687
all,HRGC7,MMD_22_37117,Chen_ancestry,-0.1091433789063415
all,HRGC7,MMD_22_38453,Chen_ancestry,-0.06149210222791718
all,HRGC8,19-D009,Chen_rgc,-0.08465497539241165
all,HRGC8,BCM_23_0334,Chen_ancestry,0.23421838498404685
all,HRGC8,Chen_19_D011,Chen_rgc,-0.5242947671767841
all,HRGC8,Chen_19_D014,Chen_b_GSE226108,1.0955700808856683
all,HRGC8,Chen_19_D015,Chen_b_GSE226108,0.637639205288309
all,HRGC8,Chen_D009_13,Chen_c_GSE247157,-0.5011796827649814
all,HRGC8,Chen_D013_13,Chen_c_GSE247157,0.0841384886444888
all,HRGC8,MMD_22_17464,Chen_ancestry,0.3239414064602151
all,HRGC8,MMD_22_20137,Chen_ancestry,0.0017629443438662573
all,HRGC8,MMD_22_21878,Chen_ancestry,0.5063943752246052
all,HRGC8,MMD_22_32888,Chen_ancestry,0.15369061020521133
all,HRGC8,MMD_22_33472,Chen_ancestry,0.24261266545659252
all,HRGC9,BCM_22_0183,Chen_ancestry,-0.799814822713559
all,HRGC9,BCM_22_0434,Chen_ancestry,-0.5281271684183831
all,HRGC9,BCM_22_0784,Chen_ancestry,-0.9319911775724196
all,HRGC9,Chen_19_D011,Chen_rgc,-0.7922028096393929
all,HRGC9,Hu0218,Shekhar_GSE237204,-1.1222447169542449
all,HRGC9,Hu0220,Shekhar_GSE237204,-0.9616303309641391
all,HRGC9,MMD_22_20357,Chen_ancestry,-0.9557292089656899
all,HRGC9,MMD_22_20372,Chen_ancestry,-0.6552793933795591
all,HRGC9,MMD_22_32888,Chen_ancestry,-0.5851592388296082
all,HRGC9,MMD_22_33472,Chen_ancestry,-1.2088741793437612
all,HRGC9,MMD_22_37117,Chen_ancestry,-0.8424738970622166
all,MG_OFF,19-D005,Chen_c_GSE247157,-0.2742527484232169
all,MG_OFF,19-D008,Chen_rgc,-0.4051384036365048
all,MG_OFF,19-D009,Chen_rgc,-0.5972903748850071
all,MG_OFF,A23_5566_Atlanta,Chen_ancestry,-0.4224950224682085
all,MG_OFF,BCM_22_0047,Chen_ancestry,-0.842665822229951
all,MG_OFF,BCM_22_0183,Chen_ancestry,-0.42671625699766413
all,MG_OFF,BCM_22_0200,Chen_ancestry,-0.4541774645405807
all,MG_OFF,BCM_22_0389,Chen_ancestry,-0.41927257484656466
all,MG_OFF,BCM_22_0395,Chen_ancestry,-0.6303994893353051
all,MG_OFF,BCM_22_0434,Chen_ancestry,-0.5721991459703886
all,MG_OFF,BCM_22_0500,Chen_ancestry,-0.3100897333015772
all,MG_OFF,BCM_22_0784,Chen_ancestry,-0.5548465172104087
all,MG_OFF,BCM_22_0849,Chen_ancestry,-0.5905481087671353
all,MG_OFF,BCM_22_0867,Chen_ancestry,-0.27928262627439593
all,MG_OFF,BCM_22_0890,Chen_ancestry,-0.5370975697064544
all,MG_OFF,BCM_22_0896,Chen_ancestry,-0.3985633974340557
all,MG_OFF,BCM_23_0131,Chen_ancestry,-0.48131693571957157
all,MG_OFF,BCM_23_0231,Chen_ancestry,-0.26491041697010465
all,MG_OFF,BCM_23_0313,Chen_ancestry,-0.9013529394165427
all,MG_OFF,BCM_23_0334,Chen_ancestry,-0.44817741048674126
all,MG_OFF,BCM_23_0358,Chen_ancestry,-0.5668122759752549
all,MG_OFF,BCM_23_0574,Chen_ancestry,-0.4291476108277614
all,MG_OFF,BCM_23_0578,Chen_ancestry,-0.38627347010917434
all,MG_OFF,BCM_23_0792,Chen_ancestry,-0.3489385589326887
all,MG_OFF,BCM_23_1340,Chen_ancestry,-0.6245958313231967
all,MG_OFF,BCM_23_1401,Chen_ancestry,-0.44137765206208
all,MG_OFF,BCM_23_1448,Chen_ancestry,-0.585798992865102
all,MG_OFF,BCM_23_1556,Chen_ancestry,-0.532468261596064
all,MG_OFF,BCM_24_0080,Chen_ancestry,-0.284652204506222
all,MG_OFF,Chen_19_D003,Chen_c_GSE247157,-0.3820065463838933
all,MG_OFF,Chen_19_D006,Chen_c_GSE247157,-0.44722970236241444
all,MG_OFF,Chen_19_D007,Chen_rgc,-0.6158023957659438
all,MG_OFF,Chen_19_D010,Chen_c_GSE247157,-0.5856261206088951
all,MG_OFF,Chen_19_D011,Chen_rgc,-0.4212165015451591
all,MG_OFF,Chen_19_D013,Chen_b_GSE226108,-0.5527266432322564
all,MG_OFF,Chen_19_D014,Chen_b_GSE226108,-0.7820094069620297
all,MG_OFF,Chen_19_D015,Chen_b_GSE226108,-0.6228260531892992
all,MG_OFF,Chen_19_D016,Chen_rgc,-0.457913639221703
all,MG_OFF,Chen_19_D017,Chen_rgc,-0.6044910849107543
all,MG_OFF,Chen_19_D019,Chen_c_GSE247157,-0.578482040429289
all,MG_OFF,Chen_D005_13,Chen_c_GSE247157,-0.3726355727443349
all,MG_OFF,Chen_D009_13,Chen_c_GSE247157,-0.4154628401478959
all,MG_OFF,Chen_D013_13,Chen_c_GSE247157,-0.33604699940328175
all,MG_OFF,Chen_D017_13,Chen_c_GSE247157,-0.2290868691249755
all,MG_OFF,Chen_D018_13,Chen_c_GSE247157,-0.3389980245888492
all,MG_OFF,Chen_D021_13,Chen_c_GSE247157,-0.7088079351431745
all,MG_OFF,Chen_D026_13,Chen_c_GSE247157,-0.4778011747119768
all,MG_OFF,Chen_D027_13,Chen_c_GSE247157,-0.657326475233155
all,MG_OFF,Hu0218,Shekhar_GSE237204,-0.47605078752954394
all,MG_OFF,Hu0220,Shekhar_GSE237204,-0.4670935444036748
all,MG_OFF,Hu0235,Shekhar_GSE237204,-0.6140198942169569
all,MG_OFF,Hu0326,Shekhar_GSE237204,-0.4391742067733154
all,MG_OFF,Hu0355,Shekhar_GSE237204,-0.4244814832792415
all,MG_OFF,Hu0563,Shekhar_GSE237204,-0.4049359156161877
all,MG_OFF,Hu0564,Shekhar_GSE237204,-0.41308884049486877
all,MG_OFF,Hu0869,Shekhar_GSE237204,-0.6641204402488675
all,MG_OFF,Hu0887,Shekhar_GSE237204,-0.49590229588876156
all,MG_OFF,Hu1059,Shekhar_GSE237204,-0.5806760622506362
all,MG_OFF,MMD_22_02443,Chen_ancestry,-0.6264915918907216
all,MG_OFF,MMD_22_13066,Chen_ancestry,-0.6253736284813374
all,MG_OFF,MMD_22_14307,Chen_ancestry,-0.4507170957769182
all,MG_OFF,MMD_22_16477,Chen_ancestry,-0.5925183303148238
all,MG_OFF,MMD_22_16608,Chen_ancestry,-0.5138228374427267
all,MG_OFF,MMD_22_16860,Chen_ancestry,-0.5779638883383157
all,MG_OFF,MMD_22_17017,Chen_ancestry,-0.49507127341022433
all,MG_OFF,MMD_22_17464,Chen_ancestry,-0.42887734397061494
all,MG_OFF,MMD_22_17939,Chen_ancestry,-0.6906452876380265
all,MG_OFF,MMD_22_18633,Chen_ancestry,-0.4167361532476578
all,MG_OFF,MMD_22_20137,Chen_ancestry,-0.5656739238046259
all,MG_OFF,MMD_22_20357,Chen_ancestry,-0.5309506971585428
all,MG_OFF,MMD_22_20372,Chen_ancestry,-0.4594340184094716
all,MG_OFF,MMD_22_21878,Chen_ancestry,-0.520820385931306
all,MG_OFF,MMD_22_25357,Chen_ancestry,-0.22155180707524802
all,MG_OFF,MMD_22_32888,Chen_ancestry,-0.5030211835797955
all,MG_OFF,MMD_22_33472,Chen_ancestry,-0.6352029167143324
all,MG_OFF,MMD_22_34032,Chen_ancestry,-0.6408181978781645
all,MG_OFF,MMD_22_37089,Chen_ancestry,-0.5330830376845833
all,MG_OFF,MMD_22_37117,Chen_ancestry,-0.6376469301241938
all,MG_OFF,MMD_22_38029,Chen_ancestry,-0.9265883707589326
all,MG_OFF,MMD_22_38453,Chen_ancestry,-0.6055587114705455
all,MG_OFF,MMD_23_01524,Chen_ancestry,-0.3584991598820636
all,MG_OFF,MMD_23_02177,Chen_ancestry,-0.5333073370739962
all,MG_OFF,MMD_23_16055,Chen_ancestry,-0.767992028828092
all,MG_OFF,MMD_23_17738,Chen_ancestry,-0.6272356747694793
all,MG_OFF,MMD_23_21999,Chen_ancestry,-0.24116287248070783
all,MG_OFF,MMD_23_22486,Chen_ancestry,-0.34967322747564855
all,MG_OFF,sanes2022_Hu082219,Shekhar_GSE237204,-0.41011652150198175
all,MG_ON,19-D005,Chen_c_GSE247157,0.2262287300265402
all,MG_ON,19-D008,Chen_rgc,0.3576199966676319
all,MG_ON,19-D009,Chen_rgc,0.521593560242436
all,MG_ON,A23_5566_Atlanta,Chen_ancestry,0.4224950224682085
all,MG_ON,BCM_22_0047,Chen_ancestry,0.842665822229951
all,MG_ON,BCM_22_0183,Chen_ancestry,0.2706299193118279
all,MG_ON,BCM_22_0200,Chen_ancestry,0.3701523422926437
all,MG_ON,BCM_22_0389,Chen_ancestry,0.6593328666857491
all,MG_ON,BCM_22_0395,Chen_ancestry,0.6303994893353051
all,MG_ON,BCM_22_0434,Chen_ancestry,0.39822469827530277
all,MG_ON,BCM_22_0500,Chen_ancestry,0.3100897333015772
all,MG_ON,BCM_22_0784,Chen_ancestry,0.14647922154840382
all,MG_ON,BCM_22_0849,Chen_ancestry,0.5905481087671353
all,MG_ON,BCM_22_0867,Chen_ancestry,0.22965396757024548
all,MG_ON,BCM_22_0890,Chen_ancestry,0.5370975697064544
all,MG_ON,BCM_22_0896,Chen_ancestry,0.3985633974340557
all,MG_ON,BCM_23_0131,Chen_ancestry,0.48131693571957157
all,MG_ON,BCM_23_0231,Chen_ancestry,0.26491041697010465
all,MG_ON,BCM_23_0313,Chen_ancestry,0.9013529394165427
all,MG_ON,BCM_23_0334,Chen_ancestry,0.1620512880507313
all,MG_ON,BCM_23_0358,Chen_ancestry,0.2543763872756855
all,MG_ON,BCM_23_0574,Chen_ancestry,0.36947269037306035
all,MG_ON,BCM_23_0578,Chen_ancestry,0.38627347010917434
all,MG_ON,BCM_23_0792,Chen_ancestry,0.3100625963503647
all,MG_ON,BCM_23_1340,Chen_ancestry,0.6245958313231967
all,MG_ON,BCM_23_1401,Chen_ancestry,0.45436196359026604
all,MG_ON,BCM_23_1448,Chen_ancestry,0.585798992865102
all,MG_ON,BCM_23_1556,Chen_ancestry,0.499337137623144
all,MG_ON,BCM_24_0080,Chen_ancestry,0.284652204506222
all,MG_ON,Chen_19_D003,Chen_c_GSE247157,0.3820065463838933
all,MG_ON,Chen_19_D006,Chen_c_GSE247157,0.44722970236241444
all,MG_ON,Chen_19_D007,Chen_rgc,0.5993526448401264
all,MG_ON,Chen_19_D010,Chen_c_GSE247157,0.30868342194134296
all,MG_ON,Chen_19_D011,Chen_rgc,0.2865626314166022
all,MG_ON,Chen_19_D013,Chen_b_GSE226108,0.5148443268672513
all,MG_ON,Chen_19_D014,Chen_b_GSE226108,0.5620360657935947
all,MG_ON,Chen_19_D015,Chen_b_GSE226108,0.5851971217118874
all,MG_ON,Chen_19_D016,Chen_rgc,0.45413255687051823
all,MG_ON,Chen_19_D017,Chen_rgc,0.5524795802162712
all,MG_ON,Chen_19_D019,Chen_c_GSE247157,0.11373727925386115
all,MG_ON,Chen_D005_13,Chen_c_GSE247157,0.3726355727443349
all,MG_ON,Chen_D009_13,Chen_c_GSE247157,0.29707564137462894
all,MG_ON,Chen_D013_13,Chen_c_GSE247157,0.15227708568584586
all,MG_ON,Chen_D017_13,Chen_c_GSE247157,0.2290868691249755
all,MG_ON,Chen_D018_13,Chen_c_GSE247157,0.3389980245888492
all,MG_ON,Chen_D021_13,Chen_c_GSE247157,0.05796521413300129
all,MG_ON,Chen_D026_13,Chen_c_GSE247157,0.4778011747119768
all,MG_ON,Chen_D027_13,Chen_c_GSE247157,0.677496740952597
all,MG_ON,Hu0218,Shekhar_GSE237204,0.3793850873467641
all,MG_ON,Hu0220,Shekhar_GSE237204,0.1615468473023416
all,MG_ON,Hu0235,Shekhar_GSE237204,0.3093678367315603
all,MG_ON,Hu0326,Shekhar_GSE237204,0.49728181284894435
all,MG_ON,Hu0355,Shekhar_GSE237204,0.23894941235132974
all,MG_ON,Hu0563,Shekhar_GSE237204,0.32262598662964476
all,MG_ON,Hu0564,Shekhar_GSE237204,0.4171241361933119
all,MG_ON,Hu0869,Shekhar_GSE237204,0.3364750745129519
all,MG_ON,Hu0887,Shekhar_GSE237204,0.4287848800455277
all,MG_ON,Hu1059,Shekhar_GSE237204,0.31497684788390845
all,MG_ON,MMD_22_02443,Chen_ancestry,0.5119433649628466
all,MG_ON,MMD_22_13066,Chen_ancestry,0.47996807551137793
all,MG_ON,MMD_22_14307,Chen_ancestry,0.3136594949247699
all,MG_ON,MMD_22_16477,Chen_ancestry,0.42089106497022577
all,MG_ON,MMD_22_16608,Chen_ancestry,0.5138228374427267
all,MG_ON,MMD_22_16860,Chen_ancestry,0.43928232042748727
all,MG_ON,MMD_22_17017,Chen_ancestry,0.39669442021696694
all,MG_ON,MMD_22_17464,Chen_ancestry,0.2106620022644357
all,MG_ON,MMD_22_17939,Chen_ancestry,0.6326123434932475
all,MG_ON,MMD_22_18633,Chen_ancestry,0.2434423436380417
all,MG_ON,MMD_22_20137,Chen_ancestry,0.3810613798012922
all,MG_ON,MMD_22_20357,Chen_ancestry,0.21567942297854256
all,MG_ON,MMD_22_20372,Chen_ancestry,0.4082627832397559
all,MG_ON,MMD_22_21878,Chen_ancestry,0.34914357671354046
all,MG_ON,MMD_22_25357,Chen_ancestry,0.15329550166453165
all,MG_ON,MMD_22_32888,Chen_ancestry,0.3929862358382743
all,MG_ON,MMD_22_33472,Chen_ancestry,0.48530777094300454
all,MG_ON,MMD_22_34032,Chen_ancestry,0.6408181978781645
all,MG_ON,MMD_22_37089,Chen_ancestry,0.41123713134224016
all,MG_ON,MMD_22_37117,Chen_ancestry,0.5729719991757755
all,MG_ON,MMD_22_38029,Chen_ancestry,0.28075607787326995
all,MG_ON,MMD_22_38453,Chen_ancestry,0.5583169547166733
all,MG_ON,MMD_23_01524,Chen_ancestry,0.3205285064365888
all,MG_ON,MMD_23_02177,Chen_ancestry,0.2576645030195784
all,MG_ON,MMD_23_16055,Chen_ancestry,0.767992028828092
all,MG_ON,MMD_23_17738,Chen_ancestry,0.6272356747694793
all,MG_ON,MMD_23_21999,Chen_ancestry,0.24116287248070783
all,MG_ON,MMD_23_22486,Chen_ancestry,0.34967322747564855
all,MG_ON,sanes2022_Hu082219,Shekhar_GSE237204,0.17924825117192922
all,PG_OFF,19-D009,Chen_rgc,-0.486447205325217
all,PG_OFF,BCM_22_0183,Chen_ancestry,-0.13650578170883393
all,PG_OFF,BCM_22_0200,Chen_ancestry,-0.2502771146532573
all,PG_OFF,BCM_22_0434,Chen_ancestry,0.13359000354396122
all,PG_OFF,BCM_22_0784,Chen_ancestry,0.10360509390999745
all,PG_OFF,BCM_23_0334,Chen_ancestry,-0.11989397797523788
all,PG_OFF,BCM_23_0358,Chen_ancestry,0.19817659449906377
all,PG_OFF,Chen_19_D007,Chen_rgc,-0.05484201142619416
all,PG_OFF,Chen_19_D011,Chen_rgc,0.24666375508114677
all,PG_OFF,Chen_D013_13,Chen_c_GSE247157,0.1222482524328643
all,PG_OFF,Hu0218,Shekhar_GSE237204,-0.12012659533046294
all,PG_OFF,Hu0220,Shekhar_GSE237204,0.010794845090122074
all,PG_OFF,Hu0355,Shekhar_GSE237204,0.24461942654227709
all,PG_OFF,Hu0564,Shekhar_GSE237204,-0.2156262158637075
all,PG_OFF,Hu0887,Shekhar_GSE237204,0.11160974847952343
all,PG_OFF,Hu1059,Shekhar_GSE237204,0.3147879495149718
all,PG_OFF,MMD_22_02443,Chen_ancestry,-0.06021097819365323
all,PG_OFF,MMD_22_13066,Chen_ancestry,0.008271858019194556
all,PG_OFF,MMD_22_14307,Chen_ancestry,-0.2565567061240543
all,PG_OFF,MMD_22_16477,Chen_ancestry,-0.05105851363765557
all,PG_OFF,MMD_22_16860,Chen_ancestry,-0.2050252195052522
all,PG_OFF,MMD_22_17017,Chen_ancestry,-0.2767452056961204
all,PG_OFF,MMD_22_17464,Chen_ancestry,-0.1373725465197268
all,PG_OFF,MMD_22_17939,Chen_ancestry,-0.1983572777367264
all,PG_OFF,MMD_22_18633,Chen_ancestry,-0.29911406774034704
all,PG_OFF,MMD_22_20137,Chen_ancestry,-0.05447241965117988
all,PG_OFF,MMD_22_20357,Chen_ancestry,-0.34562509919472306
all,PG_OFF,MMD_22_20372,Chen_ancestry,-0.0321197083901556
all,PG_OFF,MMD_22_21878,Chen_ancestry,-0.3413943064258343
all,PG_OFF,MMD_22_32888,Chen_ancestry,-0.10162023336413173
all,PG_OFF,MMD_22_33472,Chen_ancestry,-0.1900470543789987
all,PG_OFF,MMD_22_37089,Chen_ancestry,-0.14313784761526466
all,PG_OFF,MMD_22_37117,Chen_ancestry,-0.2521410002308801
all,PG_OFF,MMD_22_38453,Chen_ancestry,0.020481953939849862
all,PG_ON,BCM_22_0183,Chen_ancestry,0.23466108968788194
all,PG_ON,BCM_22_0200,Chen_ancestry,0.3834393870397708
all,PG_ON,BCM_22_0434,Chen_ancestry,0.43767421219189084
all,PG_ON,BCM_22_0784,Chen_ancestry,0.6213163710122533
all,PG_ON,BCM_23_0334,Chen_ancestry,0.5400417790963797
all,PG_ON,Chen_19_D007,Chen_rgc,0.21798099386744044
all,PG_ON,Chen_19_D011,Chen_rgc,0.5097342250969068
all,PG_ON,Chen_19_D015,Chen_b_GSE226108,0.17582729157759455
all,PG_ON,Chen_19_D016,Chen_rgc,0.48029721123467173
all,PG_ON,Chen_D013_13,Chen_c_GSE247157,0.5001931578125602
all,PG_ON,Chen_D021_13,Chen_c_GSE247157,0.3257511867031884
all,PG_ON,Hu0218,Shekhar_GSE237204,0.4562944549619995
all,PG_ON,Hu0220,Shekhar_GSE237204,0.4399409259428535
all,PG_ON,Hu0235,Shekhar_GSE237204,0.3075195119784705
all,PG_ON,Hu0355,Shekhar_GSE237204,0.31261542044234425
all,PG_ON,Hu0869,Shekhar_GSE237204,-0.05781440308707603
all,PG_ON,Hu0887,Shekhar_GSE237204,-0.010629953489724297
all,PG_ON,Hu1059,Shekhar_GSE237204,0.4789503833936306
all,PG_ON,MMD_22_02443,Chen_ancestry,0.2757689544028901
all,PG_ON,MMD_22_13066,Chen_ancestry,0.41234347418999084
all,PG_ON,MMD_22_14307,Chen_ancestry,0.2533976543281293
all,PG_ON,MMD_22_16477,Chen_ancestry,0.07656995074852649
all,PG_ON,MMD_22_16860,Chen_ancestry,0.5713837138506223
all,PG_ON,MMD_22_17017,Chen_ancestry,0.34986939030944153
all,PG_ON,MMD_22_17464,Chen_ancestry,0.49106073907932224
all,PG_ON,MMD_22_17939,Chen_ancestry,0.4660114037339315
all,PG_ON,MMD_22_18633,Chen_ancestry,0.5697668514578536
all,PG_ON,MMD_22_20137,Chen_ancestry,0.1576954066476559
all,PG_ON,MMD_22_20357,Chen_ancestry,0.42911516173506337
all,PG_ON,MMD_22_20372,Chen_ancestry,0.791148105403234
all,PG_ON,MMD_22_21878,Chen_ancestry,0.3685939704655823
all,PG_ON,MMD_22_32888,Chen_ancestry,0.41470736654106505
all,PG_ON,MMD_22_33472,Chen_ancestry,0.514410330594935
all,PG_ON,MMD_22_37089,Chen_ancestry,0.36462798182472367
all,PG_ON,MMD_22_37117,Chen_ancestry,0.39690565155577384
all,PG_ON,MMD_22_38453,Chen_ancestry,0.27219104924895604
all,ipRGC,BCM_22_0183,Chen_ancestry,0.8608604790295262
all,ipRGC,BCM_22_0434,Chen_ancestry,0.9218936958668781
all,ipRGC,Chen_19_D007,Chen_rgc,-0.535237534767375
all,ipRGC,Chen_19_D011,Chen_rgc,0.14577255984937382
all,ipRGC,Chen_19_D013,Chen_b_GSE226108,-0.41767517751596406
all,ipRGC,Chen_19_D015,Chen_b_GSE226108,-0.46242033201371824
all,ipRGC,Chen_19_D016,Chen_rgc,-0.057873771418011866
all,ipRGC,Hu0235,Shekhar_GSE237204,0.08491693216230534
all,ipRGC,Hu0869,Shekhar_GSE237204,0.46291888745041987
all,ipRGC,MMD_22_14307,Chen_ancestry,-0.3402887728658973
all,ipRGC,MMD_22_20137,Chen_ancestry,0.21103042501822578
all,ipRGC,MMD_22_20357,Chen_ancestry,0.16723478991960972
all,ipRGC,MMD_22_21878,Chen_ancestry,0.49008659365337903
all,ipRGC,MMD_22_32888,Chen_ancestry,0.4212979382727086
all,ipRGC,MMD_22_37089,Chen_ancestry,0.17678485215547407
nonmidget,HRGC10,BCM_22_0183,Chen_ancestry,-0.9599030501644853
nonmidget,HRGC10,BCM_22_0434,Chen_ancestry,-1.176364323568034
nonmidget,HRGC10,Chen_19_D011,Chen_rgc,-1.3802422491259163
nonmidget,HRGC10,Chen_19_D014,Chen_b_GSE226108,-0.10909597208939453
nonmidget,HRGC10,Chen_19_D016,Chen_rgc,-1.7183715616615232
nonmidget,HRGC10,MMD_22_21878,Chen_ancestry,-1.135318914249149
nonmidget,HRGC10,MMD_22_32888,Chen_ancestry,-0.7031491188134478
nonmidget,HRGC10,MMD_22_38453,Chen_ancestry,-1.04601054629737
nonmidget,HRGC11,BCM_22_0200,Chen_ancestry,-0.5825421213987904
nonmidget,HRGC11,BCM_22_0784,Chen_ancestry,-0.2614352228876475
nonmidget,HRGC11,MMD_22_16477,Chen_ancestry,0.30474754103148427
nonmidget,HRGC11,MMD_22_17017,Chen_ancestry,0.15851696725407272
nonmidget,HRGC11,MMD_22_17464,Chen_ancestry,-1.160646716245001
nonmidget,HRGC11,MMD_22_20357,Chen_ancestry,-0.5305808078313057
nonmidget,HRGC11,MMD_22_32888,Chen_ancestry,-0.3875268548555775
nonmidget,HRGC11,MMD_22_33472,Chen_ancestry,-0.043834252831985124
nonmidget,HRGC12,BCM_22_0183,Chen_ancestry,-0.33854960572700904
nonmidget,HRGC12,BCM_22_0434,Chen_ancestry,-0.14239433775022378
nonmidget,HRGC12,BCM_22_0784,Chen_ancestry,-0.48684338897652596
nonmidget,HRGC12,Chen_19_D011,Chen_rgc,-0.8489503863568804
nonmidget,HRGC12,Hu0220,Shekhar_GSE237204,-0.5580364091446601
nonmidget,HRGC12,MMD_22_20357,Chen_ancestry,-0.7939388407639197
nonmidget,HRGC12,MMD_22_20372,Chen_ancestry,0.0077431844602685596
nonmidget,HRGC12,MMD_22_37117,Chen_ancestry,0.27869142806314184
nonmidget,HRGC7,19-D008,Chen_rgc,0.02680365931204365
nonmidget,HRGC7,19-D009,Chen_rgc,-0.47507345114810584
nonmidget,HRGC7,BCM_22_0183,Chen_ancestry,-0.42212776919547423
nonmidget,HRGC7,BCM_22_0200,Chen_ancestry,-0.41129279660516893
nonmidget,HRGC7,BCM_22_0434,Chen_ancestry,-0.4051052042557055
nonmidget,HRGC7,BCM_22_0784,Chen_ancestry,-0.28037851398352065
nonmidget,HRGC7,BCM_23_0334,Chen_ancestry,-0.4659489468512858
nonmidget,HRGC7,BCM_23_0358,Chen_ancestry,-0.09170586804093347
nonmidget,HRGC7,Chen_19_D007,Chen_rgc,-0.5418528473603452
nonmidget,HRGC7,Chen_19_D011,Chen_rgc,-0.35067183553797754
nonmidget,HRGC7,Chen_19_D015,Chen_b_GSE226108,-0.7500249477257408
nonmidget,HRGC7,Chen_D013_13,Chen_c_GSE247157,-0.4557577245362215
nonmidget,HRGC7,Chen_D021_13,Chen_c_GSE247157,-0.7106809854789785
nonmidget,HRGC7,Hu0218,Shekhar_GSE237204,-0.08510291428569827
nonmidget,HRGC7,Hu0220,Shekhar_GSE237204,-0.16830513068451536
nonmidget,HRGC7,Hu0355,Shekhar_GSE237204,-0.20985163547898056
nonmidget,HRGC7,Hu0564,Shekhar_GSE237204,-0.29443448398461747
nonmidget,HRGC7,Hu0887,Shekhar_GSE237204,0.17284450147737418
nonmidget,HRGC7,Hu1059,Shekhar_GSE237204,-0.36609316366801714
nonmidget,HRGC7,MMD_22_02443,Chen_ancestry,-0.4361627762495053
nonmidget,HRGC7,MMD_22_14307,Chen_ancestry,-0.2940331362977412
nonmidget,HRGC7,MMD_22_16477,Chen_ancestry,0.09115389825107989
nonmidget,HRGC7,MMD_22_16860,Chen_ancestry,-0.43195188816418234
nonmidget,HRGC7,MMD_22_17017,Chen_ancestry,-0.3647150184432587
nonmidget,HRGC7,MMD_22_17464,Chen_ancestry,-0.4421937419350114
nonmidget,HRGC7,MMD_22_17939,Chen_ancestry,-0.47234730927370394
nonmidget,HRGC7,MMD_22_18633,Chen_ancestry,-0.6164644158703948
nonmidget,HRGC7,MMD_22_20137,Chen_ancestry,-0.7857895274856868
nonmidget,HRGC7,MMD_22_20357,Chen_ancestry,-0.7139913790052873
nonmidget,HRGC7,MMD_22_20372,Chen_ancestry,-0.540833302867491
nonmidget,HRGC7,MMD_22_21878,Chen_ancestry,-0.59206391682465
nonmidget,HRGC7,MMD_22_32888,Chen_ancestry,-0.5444878232371881
nonmidget,HRGC7,MMD_22_33472,Chen_ancestry,-0.5034848921199518
nonmidget,HRGC7,MMD_22_37089,Chen_ancestry,-0.28205471698822193
nonmidget,HRGC7,MMD_22_37117,Chen_ancestry,-0.08338680165095053
nonmidget,HRGC7,MMD_22_38453,Chen_ancestry,0.05040641730614892
nonmidget,HRGC8,19-D009,Chen_rgc,-0.4939782485232892
nonmidget,HRGC8,BCM_23_0334,Chen_ancestry,0.1925091839480033
nonmidget,HRGC8,Chen_19_D011,Chen_rgc,-0.6352647388782757
nonmidget,HRGC8,Chen_19_D014,Chen_b_GSE226108,1.319748293042524
nonmidget,HRGC8,Chen_19_D015,Chen_b_GSE226108,0.6929410449532761
nonmidget,HRGC8,Chen_D009_13,Chen_c_GSE247157,-0.502525987779248
nonmidget,HRGC8,Chen_D013_13,Chen_c_GSE247157,0.05985159781830812
nonmidget,HRGC8,MMD_22_17464,Chen_ancestry,0.2965863414222874
nonmidget,HRGC8,MMD_22_20137,Chen_ancestry,-0.0737037684528363
nonmidget,HRGC8,MMD_22_21878,Chen_ancestry,0.40115853411534896
nonmidget,HRGC8,MMD_22_32888,Chen_ancestry,0.11162869719316226
nonmidget,HRGC8,MMD_22_33472,Chen_ancestry,0.24377250195957462
nonmidget,HRGC9,BCM_22_0183,Chen_ancestry,-0.6993196563367785
nonmidget,HRGC9,BCM_22_0434,Chen_ancestry,-0.6735549766813766
nonmidget,HRGC9,BCM_22_0784,Chen_ancestry,-0.9362910970578857
nonmidget,HRGC9,Chen_19_D011,Chen_rgc,-0.9479235505029984
nonmidget,HRGC9,Hu0218,Shekhar_GSE237204,-0.9932997764885545
nonmidget,HRGC9,Hu0220,Shekhar_GSE237204,-1.0133489649596075
nonmidget,HRGC9,MMD_22_20357,Chen_ancestry,-1.17948287009551
nonmidget,HRGC9,MMD_22_20372,Chen_ancestry,-0.6858325138397319
nonmidget,HRGC9,MMD_22_32888,Chen_ancestry,-0.6644592259433457
nonmidget,HRGC9,MMD_22_33472,Chen_ancestry,-1.233028177945628
nonmidget,HRGC9,MMD_22_37117,Chen_ancestry,-0.8613047906634651
nonmidget,PG_OFF,19-D009,Chen_rgc,-0.843886310386671
nonmidget,PG_OFF,BCM_22_0183,Chen_ancestry,-0.14254750477300493
nonmidget,PG_OFF,BCM_22_0200,Chen_ancestry,-0.0684857618898681
nonmidget,PG_OFF,BCM_22_0434,Chen_ancestry,-0.02784119429465881
nonmidget,PG_OFF,BCM_22_0784,Chen_ancestry,0.04201802909697805
nonmidget,PG_OFF,BCM_23_0334,Chen_ancestry,-0.16751694723385313
nonmidget,PG_OFF,BCM_23_0358,Chen_ancestry,0.04677042906241391
nonmidget,PG_OFF,Chen_19_D007,Chen_rgc,0.1428604871175816
nonmidget,PG_OFF,Chen_19_D011,Chen_rgc,0.2034021955046108
nonmidget,PG_OFF,Chen_D013_13,Chen_c_GSE247157,0.16909625037006093
nonmidget,PG_OFF,Hu0218,Shekhar_GSE237204,0.05788416441870525
nonmidget,PG_OFF,Hu0220,Shekhar_GSE237204,0.02538381806857093
nonmidget,PG_OFF,Hu0355,Shekhar_GSE237204,0.19667951076906853
nonmidget,PG_OFF,Hu0564,Shekhar_GSE237204,-0.12800447072866716
nonmidget,PG_OFF,Hu0887,Shekhar_GSE237204,0.409263311821374
nonmidget,PG_OFF,Hu1059,Shekhar_GSE237204,0.29866265124084596
nonmidget,PG_OFF,MMD_22_02443,Chen_ancestry,-0.0014580802712758079
nonmidget,PG_OFF,MMD_22_13066,Chen_ancestry,-0.24731904993789344
nonmidget,PG_OFF,MMD_22_14307,Chen_ancestry,-0.2075739980337704
nonmidget,PG_OFF,MMD_22_16477,Chen_ancestry,0.03218169024164208
nonmidget,PG_OFF,MMD_22_16860,Chen_ancestry,-0.13348296569285767
nonmidget,PG_OFF,MMD_22_17017,Chen_ancestry,-0.12794705037584586
nonmidget,PG_OFF,MMD_22_17464,Chen_ancestry,-0.12590165521435293
nonmidget,PG_OFF,MMD_22_17939,Chen_ancestry,-0.15575105137853995
nonmidget,PG_OFF,MMD_22_18633,Chen_ancestry,-0.35006758365545476
nonmidget,PG_OFF,MMD_22_20137,Chen_ancestry,-0.11300736926831623
nonmidget,PG_OFF,MMD_22_20357,Chen_ancestry,-0.6001442722847965
nonmidget,PG_OFF,MMD_22_20372,Chen_ancestry,-0.003025857138932442
nonmidget,PG_OFF,MMD_22_21878,Chen_ancestry,-0.5153275656158799
nonmidget,PG_OFF,MMD_22_32888,Chen_ancestry,-0.16389588540496147
nonmidget,PG_OFF,MMD_22_33472,Chen_ancestry,-0.19483190780941373
nonmidget,PG_OFF,MMD_22_37089,Chen_ancestry,-0.19988094939291545
nonmidget,PG_OFF,MMD_22_37117,Chen_ancestry,-0.26223251868570796
nonmidget,PG_OFF,MMD_22_38453,Chen_ancestry,0.1418073286371031
nonmidget,PG_ON,BCM_22_0183,Chen_ancestry,0.361824216134085
nonmidget,PG_ON,BCM_22_0200,Chen_ancestry,0.4440522849050026
nonmidget,PG_ON,BCM_22_0434,Chen_ancestry,0.31581339877819037
nonmidget,PG_ON,BCM_22_0784,Chen_ancestry,0.5546644695582563
nonmidget,PG_ON,BCM_23_0334,Chen_ancestry,0.48871991082475463
nonmidget,PG_ON,Chen_19_D007,Chen_rgc,0.33341726449689546
nonmidget,PG_ON,Chen_19_D011,Chen_rgc,0.37973241490896864
nonmidget,PG_ON,Chen_19_D015,Chen_b_GSE226108,0.5382037066385152
nonmidget,PG_ON,Chen_19_D016,Chen_rgc,0.7608162718905345
nonmidget,PG_ON,Chen_D013_13,Chen_c_GSE247157,0.5241264137536576
nonmidget,PG_ON,Chen_D021_13,Chen_c_GSE247157,0.15871864863781954
nonmidget,PG_ON,Hu0218,Shekhar_GSE237204,0.7921450523468783
nonmidget,PG_ON,Hu0220,Shekhar_GSE237204,0.45256117436597676
nonmidget,PG_ON,Hu0235,Shekhar_GSE237204,0.16989453162859458
nonmidget,PG_ON,Hu0355,Shekhar_GSE237204,0.18323409538098112
nonmidget,PG_ON,Hu0869,Shekhar_GSE237204,-0.41737091899709344
nonmidget,PG_ON,Hu0887,Shekhar_GSE237204,0.27216370762368003
nonmidget,PG_ON,Hu1059,Shekhar_GSE237204,0.4346228493927065
nonmidget,PG_ON,MMD_22_02443,Chen_ancestry,0.29970827314359116
nonmidget,PG_ON,MMD_22_13066,Chen_ancestry,0.07524747794607634
nonmidget,PG_ON,MMD_22_14307,Chen_ancestry,0.33313613220770866
nonmidget,PG_ON,MMD_22_16477,Chen_ancestry,0.08844328538180184
nonmidget,PG_ON,MMD_22_16860,Chen_ancestry,0.8132531808047532
nonmidget,PG_ON,MMD_22_17017,Chen_ancestry,0.6014434500830683
nonmidget,PG_ON,MMD_22_17464,Chen_ancestry,0.7019105150971148
nonmidget,PG_ON,MMD_22_17939,Chen_ancestry,0.7457248103372347
nonmidget,PG_ON,MMD_22_18633,Chen_ancestry,0.6332686966163427
nonmidget,PG_ON,MMD_22_20137,Chen_ancestry,0.03275650973766098
nonmidget,PG_ON,MMD_22_20357,Chen_ancestry,0.24004151343220964
nonmidget,PG_ON,MMD_22_20372,Chen_ancestry,0.8707832559815978
nonmidget,PG_ON,MMD_22_21878,Chen_ancestry,0.2292941019876228
nonmidget,PG_ON,MMD_22_32888,Chen_ancestry,0.3831811999138575
nonmidget,PG_ON,MMD_22_33472,Chen_ancestry,0.6795892593907846
nonmidget,PG_ON,MMD_22_37089,Chen_ancestry,0.29814787546053617
nonmidget,PG_ON,MMD_22_37117,Chen_ancestry,0.4558687450010305
nonmidget,PG_ON,MMD_22_38453,Chen_ancestry,0.3929808910621654
nonmidget,ipRGC,BCM_22_0183,Chen_ancestry,0.8513803596054481
nonmidget,ipRGC,BCM_22_0434,Chen_ancestry,0.7974981109116763
nonmidget,ipRGC,Chen_19_D007,Chen_rgc,-0.33895392124215246
nonmidget,ipRGC,Chen_19_D011,Chen_rgc,0.08315945749423752
nonmidget,ipRGC,Chen_19_D013,Chen_b_GSE226108,-0.13517145319475976
nonmidget,ipRGC,Chen_19_D015,Chen_b_GSE226108,-0.13304646769938222
nonmidget,ipRGC,Chen_19_D016,Chen_rgc,0.3690770474472924
nonmidget,ipRGC,Hu0235,Shekhar_GSE237204,0.08493969368721122
nonmidget,ipRGC,Hu0869,Shekhar_GSE237204,0.18335183716845885
nonmidget,ipRGC,MMD_22_14307,Chen_ancestry,-0.15687274898739553
nonmidget,ipRGC,MMD_22_20137,Chen_ancestry,0.12093294077981911
nonmidget,ipRGC,MMD_22_20357,Chen_ancestry,-0.02270543856156751
nonmidget,ipRGC,MMD_22_21878,Chen_ancestry,0.41819841764099286
nonmidget,ipRGC,MMD_22_32888,Chen_ancestry,0.40424089587798395
nonmidget,ipRGC,MMD_22_37089,Chen_ancestry,0.1514469660134377
